{"epoch/loss": 0.42330801486968994, "epoch/sparse_categorical_accuracy": 0.851419985294342, "epoch/val_loss": 0.5371805429458618, "epoch/val_sparse_categorical_accuracy": 0.8274000287055969, "epoch/epoch": 17, "epoch/learning_rate": 0.0010000000474974513, "_timestamp": 1675239533.0914097, "_runtime": 113.7376036643982, "_step": 17, "_wandb": {"runtime": 113}}